"Player","Tree Traversal Time"
"1","36.11146535867566"
"2","0.35333832152986827"
"1","54.87268346923647"
"2","0.27238136381762595"
"1","51.439713837026694"
"2","0.3442662097453278"
"1","56.96539127090944"
"2","0.30839746218609027"
"1","57.32541682822799"
"2","0.317365610267404"
"1","57.06598593584433"
"2","0.30674209524916124"
"1","60.50502564102564"
"2","0.29145824066787557"
"1","53.01769278884818"
"2","0.1991801832022881"
"1","59.275211970074814"
"2","0.26562686689179416"
"1","50.63065755764304"
"2","0.1918351698011615"
"1","59.93709612277868"
"2","0.1951016067939492"
"1","56.30888439695832"
"2","0.21421738084957298"
"1","49.670713328868054"
"2","0.17274764609930574"
"1","58.29193278962366"
"2","0.172563834114658"
"1","50.97548176187199"
"2","0.16624977704544874"
"1","50.01063380876023"
"2","0.13581266410924672"
"1","41.43616127677446"
"2","0.12533241763482705"
"1","40.87800996401882"
"2","0.12963895316330107"
"1","51.768743957106444"
"2","0.13075860003717446"
"1","54.01679375453885"
"2","0.11472692516860591"
"1","51.88475641697224"
"2","0.10554117422226293"
"1","45.49059500959693"
"2","0.08240668416388086"
"1","48.46825916230367"
"2","0.04514809036884641"
"1","47.51862533044941"
"2","0.015981195317359816"
"1","46.75154308930385"
"2","0.01058125017803907"
"1","31.30115951112504"
"2","0.006773682437530107"
"1","21.5256497825071"
"2","0.006252238773417709"
"1","10.489965882250022"
"1","36.609438062713444"
"2","0.22714459209091634"
"1","49.33929313929314"
"2","0.2357204857777129"
"1","48.42438107688537"
"2","0.25758912201068374"
"1","48.57367515767057"
"2","0.21615083247670594"
"1","51.39145136119299"
"2","0.2154288376800333"
"1","50.571781756180734"
"2","0.21301366979839526"
"1","56.04070981210856"
"2","0.1929950361931372"
"1","50.01616589081676"
"2","0.225380583203557"
"1","50.03854588394062"
"2","0.17214126536631172"
"1","52.28042654446109"
"2","0.18153073833434547"
"1","50.761965811965815"
"2","0.169431660180572"
"1","53.63514986376022"
"2","0.20111882139952636"
"1","53.49581269698334"
"2","0.17179120677204182"
"1","59.26138633639633"
"2","0.15649117625341505"
"1","55.92711178077032"
"2","0.16995195813448954"
"1","55.68290021821067"
"2","0.1620041311582825"
"1","59.195318725099604"
"2","0.16034111674331974"
"1","57.327383249710536"
"2","0.1645402232741396"
"1","65.3593887423043"
"2","0.15821687519017363"
"1","63.14821504462388"
"2","0.15958729618758297"
"1","62.787171087393006"
"2","0.14966138824230313"
"1","68.38365937859609"
"2","0.14583245644250617"
"1","72.3797298941477"
"2","0.14206323559425812"
"1","60.71717377986522"
"2","0.12190111714551032"
"1","69.29220552254456"
"2","0.11373450492510324"
"1","68.02462207970683"
"2","0.07639260817192076"
"1","60.526739329734134"
"2","0.024455762331966443"
"1","57.547122441096946"
"2","0.015143004308214003"
"1","40.913843837678776"
"2","0.01286125683078218"
"1","20.63584093647788"
"2","0.009168624562519124"
"1","30.444782939832447"
"2","0.025513458620299547"
"1","35.49729046242775"
"2","0.22748115379473174"
"1","48.14974000649984"
"2","0.27326047475134435"
"1","45.70636328576938"
"2","0.2215098893177133"
"1","46.61562672122118"
"2","0.21815839611117827"
"1","56.86291790401379"
"2","0.3174272678658793"
"1","55.51100290289353"
"2","0.2972282288185571"
"1","55.47749529190207"
"2","0.333977757636817"
"1","55.904308475535025"
"2","0.27915570407072393"
"1","58.9349617714229"
"2","0.2818621244336144"
"1","57.76572541382668"
"2","0.2693699743663774"
"1","59.52951214615539"
"2","0.27293178667696516"
"1","62.93861512319456"
"2","0.25425597727523674"
"1","60.40158762466925"
"2","0.28207492346301066"
"1","66.46447781264007"
"2","0.2599196682154698"
"1","62.88121224965561"
"2","0.24391641586943974"
"1","67.05364806866953"
"2","0.2427759232580203"
"1","65.34316530926701"
"2","0.2444220498120609"
"1","60.912619365437926"
"2","0.24121034105603675"
"1","58.39562820007877"
"2","0.20540049221813558"
"1","55.56887349002716"
"2","0.13597963641678187"
"1","62.508151888082466"
"2","0.13831969797248111"
"1","64.2448442299254"
"2","0.1348540994462683"
"1","55.73355232285312"
"2","0.10682028753000286"
"1","59.494047023511754"
"2","0.09739749794539311"
"1","62.30633655056651"
"2","0.07707461428282629"
"1","65.82343179555261"
"2","0.0272020791798669"
"1","45.13669987922705"
"2","0.014944901166531918"
"1","41.71263407159771"
"2","0.010253152941017066"
"1","24.291023302938196"
"2","0.004923715367113117"
"1","21.228917804323096"
"2","0.02549431912088093"
"1","36.00694148450344"
"2","0.2340978807318231"
"1","53.881688086774226"
"2","0.2602048885930632"
"1","46.993344425956735"
"2","0.21301735711089317"
"1","50.52801705756929"
"2","0.20928521808495185"
"1","53.10204081632653"
"2","0.21804472804568228"
"1","47.77929089443997"
"2","0.19309807422239594"
"1","52.890792291220556"
"2","0.18896835003812584"
"1","53.959298628145724"
"2","0.21127206684012909"
"1","54.80182757984124"
"2","0.18954158073164679"
"1","41.386000560538115"
"2","0.16503098403962432"
"1","51.16401521701539"
"2","0.17197499062516083"
"1","46.5287284144427"
"2","0.1687857352011959"
"1","40.4414740872419"
"2","0.14550681742340793"
"1","47.80517700185469"
"2","0.1560986579237252"
"1","47.41083413231064"
"2","0.16865721172526107"
"1","39.988792870645426"
"2","0.13990399182504648"
"1","39.14528613959643"
"2","0.13766106625393926"
"1","48.32211264161708"
"2","0.1226064723551238"
"1","54.245065789473685"
"2","0.05252317097024672"
"1","53.50720331352422"
"2","0.0348354058041687"
"1","51.86358472428559"
"2","0.0286173770311392"
"1","46.87002756990941"
"2","0.01499317750202292"
"1","42.07702037947997"
"2","0.006332460573801189"
"1","15.553299097416744"
"2","0.02316444628812845"
"1","35.19070570034511"
"2","0.22272628022432656"
"1","47.29234449760766"
"2","0.23627224267554542"
"1","47.31730308355967"
"2","0.25521494503089953"
"1","49.44668443852049"
"2","0.21830588089366826"
"1","47.269089749721026"
"2","0.20834899700301787"
"1","50.94013570385639"
"2","0.22007608529169478"
"1","47.986732465010924"
"2","0.19504600244042855"
"1","54.44740223976501"
"2","0.22937863948899354"
"1","50.72701640464798"
"2","0.191778404668806"
"1","48.941632316570484"
"2","0.17993695568263995"
"1","50.382994988533085"
"2","0.17781524556694883"
"1","44.25827171558742"
"2","0.1667620797700662"
"1","52.27167019027484"
"2","0.18014059268860608"
"1","51.36133725965703"
"2","0.18039466449535185"
"1","55.52512398240853"
"2","0.20458748010339556"
"1","54.57427835999265"
"2","0.17591831125635846"
"1","54.184292237442925"
"2","0.16452488796631423"
"1","53.8268429632313"
"2","0.1531320333559513"
"1","59.62750802568218"
"2","0.1426620467848334"
"1","45.839950563880734"
"2","0.16217957801770197"
"1","58.02390243902439"
"2","0.07137001910441669"
"1","58.968072408991446"
"2","0.027143320434420984"
"1","56.30623639632819"
"2","0.02328544213243026"
"1","62.527937938987314"
"2","0.01617371975275743"
"1","51.047973319651106"
"2","0.013231679770554176"
"1","39.18466784707194"
"2","0.013009055959767217"
"1","33.80248447204969"
"2","0.00862753673329083"
"1","10.770445278680869"
"1","35.516338689294095"
"2","0.22726151333586292"
"1","48.94174917491749"
"2","0.238338220743544"
"1","46.91489361702128"
"2","0.21620086283126558"
"1","48.0953192179768"
"2","0.2132267293482045"
"1","50.78583054913047"
"2","0.24438348775037197"
"1","50.00625634088603"
"2","0.19999256247520825"
"1","49.56942931366798"
"2","0.1905043846742393"
"1","54.74695009242144"
"2","0.1985453901485478"
"1","46.6185917721519"
"2","0.18207783964686536"
"1","57.02917746424801"
"2","0.19880591212517132"
"1","50.34538357094365"
"2","0.17024167708049595"
"1","51.9874715261959"
"2","0.16211989851020223"
"1","52.5956032266643"
"2","0.17295359095169097"
"1","64.07270765911542"
"2","0.14748937190494196"
"1","47.45165160361513"
"2","0.127948132301872"
"1","52.95086499019083"
"2","0.13937922448376033"
"1","51.1503983191806"
"2","0.13667354073467183"
"1","49.46776749228588"
"2","0.1338228654560048"
"1","49.095115894039736"
"2","0.11266797039154763"
"1","55.069048723897914"
"2","0.1085020740215168"
"1","53.925724144193225"
"2","0.08273264350685897"
"1","51.39762688376927"
"2","0.047520866102679644"
"1","51.40077955825033"
"2","0.01692315230670033"
"1","53.374517374517374"
"2","0.00941569645458555"
"1","30.49197043079276"
"2","0.008291870640004152"
"1","22.183037037037035"
"2","0.017530345392700448"
"1","34.299691878379164"
"2","0.2258166884450252"
"1","49.10926247827167"
"2","0.26298620289698704"
"1","45.86015014317777"
"2","0.21541503302626935"
"1","49.64601992131916"
"2","0.20952509567969624"
"1","51.16368970575546"
"2","0.2451901155229133"
"1","47.25841442016271"
"2","0.2077466318158939"
"1","53.66479992773914"
"2","0.1957941757002695"
"1","52.421113074204946"
"2","0.20762482413789612"
"1","50.875032319227785"
"2","0.18826836938911656"
"1","53.400269784172664"
"2","0.20044631747382916"
"1","50.916173316173314"
"2","0.18811978079331942"
"1","53.66754139896842"
"2","0.20601067674542145"
"1","54.40089801154586"
"2","0.17310291956947388"
"1","55.47281390134529"
"2","0.1637889788127544"
"1","59.143639259406726"
"2","0.15648082827923973"
"1","53.822862841084216"
"2","0.14366530227407082"
"1","51.28608492605725"
"2","0.13980665370297157"
"1","58.90215770110371"
"2","0.13382324217906016"
"1","58.76483973090621"
"2","0.12034282863020591"
"1","41.04833437652132"
"2","0.11500298177732811"
"1","61.21802805280528"
"2","0.1086029829496315"
"1","57.39357080799305"
"2","0.11457879187081155"
"1","53.53166951977656"
"2","0.10878874357594147"
"1","47.54118873826903"
"2","0.022760513795549542"
"1","39.641879714304785"
"2","0.015254972778556468"
"1","40.08599757183327"
"2","0.00787724112025957"
"1","26.7250369573982"
"2","0.026862310457766134"
"1","33.556703958203194"
"2","0.23065918475133185"
"1","50.8939328928173"
"2","0.2560829014193708"
"1","45.819593602719614"
"2","0.21855870458623813"
"1","48.98587710604559"
"2","0.2050675948954266"
"1","51.777563540753725"
"2","0.2319667999202823"
"1","48.6488593467914"
"2","0.1941702845268736"
"1","47.956089277049976"
"2","0.19025865259601607"
"1","55.66304245946199"
"2","0.21135179176906707"
"1","46.99667353080944"
"2","0.1798476288458639"
"1","50.39028119955824"
"2","0.17323030959942023"
"1","52.641708363116514"
"2","0.1666251420194625"
"1","52.52690265486726"
"2","0.1537165621012077"
"1","59.822112477323124"
"2","0.16091152868864808"
"1","57.509488768396594"
"2","0.14909246078099075"
"1","51.5786482469179"
"2","0.1435650600155436"
"1","53.498421859500404"
"2","0.1387632355615235"
"1","51.013828051189556"
"2","0.12236314577281728"
"1","51.500304374293414"
"2","0.0798703740285283"
"1","57.600697471665214"
"2","0.028645413919817776"
"1","53.241261874887975"
"2","0.017049858417171628"
"1","48.613875949987744"
"2","0.009737269453410401"
"1","36.2360959651036"
"2","0.008101040422592022"
"1","23.881282184343938"
"2","0.029570832572769785"
"1","36.33259327782917"
"2","0.22563781025685375"
"1","49.801059195353204"
"2","0.2726056072801801"
"1","46.33455767427321"
"2","0.2152392244668108"
"1","47.89808608576274"
"2","0.21876135539359606"
"1","45.16121655613995"
"2","0.20957416317699787"
"1","53.592937138728324"
"2","0.23392815409114068"
"1","52.03906797477225"
"2","0.19549991565143635"
"1","53.59862654739315"
"2","0.18398981965224795"
"1","51.19302184990068"
"2","0.18949358734235922"
"1","56.41215059897319"
"2","0.21891102450292513"
"1","52.22884564585718"
"2","0.17291163768717233"
"1","37.23537560607015"
"2","0.1471167847127346"
"1","49.16981444665341"
"2","0.13828409307262582"
"1","53.55383070039266"
"2","0.14642674633637331"
"1","47.22520214554479"
"2","0.125482408518582"
"1","44.65988240615106"
"2","0.11024705666009503"
"1","38.46552509929032"
"2","0.11187081467997642"
"1","47.32666132906325"
"2","0.015163293817471155"
"1","49.18757239781566"
"2","0.010001676133884486"
"1","33.2614073207421"
"2","0.007502434390636022"
"1","22.250985496467088"
"2","0.034664400893004745"
"1","34.37599720491469"
"2","0.22819702812902326"
"1","47.72125857200484"
"2","0.22887984103598244"
"1","46.73391605638239"
"2","0.2519006788194799"
"1","47.090822255830616"
"2","0.21082413153281812"
"1","49.439929918237944"
"2","0.21861520234793613"
"1","50.521639120804224"
"2","0.19816974835879506"
"1","52.71717081850534"
"2","0.2295539109680982"
"1","55.767736486486484"
"2","0.19428702628561043"
"1","52.465412138881526"
"2","0.1907579343056682"
"1","51.78402237566646"
"2","0.18967129831349047"
"1","51.41497187364777"
"2","0.18879795541672584"
"1","51.8687707641196"
"2","0.16829291272138144"
"1","48.779577932868065"
"2","0.15480604438071982"
"1","52.02562302562303"
"2","0.1545788792809968"
"1","52.53696980430355"
"2","0.15013665042926785"
"1","56.69186657746344"
"2","0.14931637447047294"
"1","50.881142269102135"
"2","0.13332828113893883"
"1","53.91538042491375"
"2","0.1249281769948353"
"1","57.902776424744275"
"2","0.12210846891812528"
"1","55.1685873605948"
"2","0.11823878216605202"
"1","58.86435800754118"
"2","0.11641062298289902"
"1","58.48823703120386"
"2","0.10990325388525868"
"1","54.74693802375909"
"2","0.09113969194162481"
"1","44.00051924931385"
"2","0.11496702173861424"
"1","53.633712531599855"
"2","0.08574456295274581"
"1","71.65867469879518"
"2","0.07120968968022028"
"1","72.92994488671157"
"2","0.05887848323188218"
"1","65.26466066329893"
"2","0.04157936355662176"
"1","51.199965567702506"
"2","0.026770282494713766"
"1","51.507473062217585"
"2","0.021189485846852953"
"1","59.66959824105537"
"2","0.014697194732031345"
"1","42.555658693323814"
"2","0.011826368471274072"
"1","35.88475836431227"
"2","0.0088355678183069"
"1","28.8564756860857"
"2","0.006123734662591794"
"1","15.806173328056985"
"2","0.006493731147099993"
"1","10.619033280787828"
"1","36.17900667524037"
"2","0.24323358114651028"
"1","48.98588177014531"
"2","0.26117660925166236"
"1","45.90618221258134"
"2","0.21800365410539424"
"1","46.60589159465829"
"2","0.20271998378732667"
"1","50.82681755829904"
"2","0.232089052314103"
"1","48.37990375988908"
"2","0.1906464715392656"
"1","49.43098849808301"
"2","0.18590040050687706"
"1","52.557023767293366"
"2","0.19478531364048302"
"1","53.83549587151801"
"2","0.17891034596104857"
"1","47.78959257765228"
"2","0.17253685681884115"
"1","53.62988422575977"
"2","0.16552054688801063"
"1","60.829083461341526"
"2","0.1923350515283292"
"1","52.627482269503545"
"2","0.16597054740562095"
"1","52.77470671880555"
"2","0.16031300510060878"
"1","65.24840694352889"
"2","0.16886760624018116"
"1","59.081541218637994"
"2","0.1531234576434203"
"1","53.2422365823012"
"2","0.14055890133192442"
"1","50.87539662121602"
"2","0.13382271226158088"
"1","51.52482638888889"
"2","0.12779835806589465"
"1","53.48808346074287"
"2","0.045956517608702535"
"1","46.52778647463995"
"2","0.025635634383475235"
"1","40.304433564531486"
"2","0.010211147701299583"
"1","61.56384297520661"
"2","0.007645512559092431"
"1","21.606741978561374"
"2","0.030207477293904026"
"1","34.11272495804641"
"2","0.23147145265702554"
"1","47.68194980694981"
"2","0.2605173813877085"
"1","45.120356272838"
"2","0.2193953093468183"
"1","47.9495920510542"
"2","0.20733845682512989"
"1","53.00839810595908"
"2","0.23535239006357164"
"1","47.325540572887576"
"2","0.1958343838210068"
"1","49.59944681921046"
"2","0.1838184844739598"
"1","51.05736647458502"
"2","0.2189073570397233"
"1","51.39243027888446"
"2","0.1806846381495233"
"1","54.653562879764316"
"2","0.18832422261512757"
"1","53.47909533249234"
"2","0.17468353097843536"
"1","52.88605898123324"
"2","0.16687233204440766"
"1","53.43574260994953"
"2","0.17272906272561436"
"1","55.90189069701815"
"2","0.16942278135139752"
"1","59.110513739546"
"2","0.15137235815524386"
"1","55.27485107967237"
"2","0.14777756260547284"
"1","67.47402450090745"
"2","0.17575218222786057"
"1","59.88919136922767"
"2","0.13685032018375687"
"1","40.6644226145497"
"2","0.12417602053780592"
"1","50.16778182434149"
"2","0.12030665031631435"
"1","43.197403923284476"
"2","0.03061568486063209"
"1","33.54977298524404"
"2","0.22786212835060557"
"1","48.15156199153921"
"2","0.23516171685807247"
"1","47.0285351934052"
"2","0.21186141834481298"
"1","52.01673530184877"
"2","0.20643430239972102"
"1","51.33059566006743"
"2","0.24754538788500213"
"1","51.07166824399897"
"2","0.1973089339426652"
"1","49.143531555408316"
"2","0.19443933066555563"
"1","59.56821829855538"
"2","0.20583053121934855"
"1","46.65461121157324"
"2","0.18463417251576777"
"1","45.45386916174553"
"2","0.17559669349721865"
"1","46.48592488042029"
"2","0.1639153692648924"
"1","55.59256832646949"
"2","0.19642912699410248"
"1","50.98453342498711"
"2","0.16149053746852285"
"1","45.45570979369584"
"2","0.13297824737383035"
"1","62.741069541323185"
"2","0.14481286167849738"
"1","48.652148950131235"
"2","0.13689352588552012"
"1","51.21103924105218"
"2","0.12726681112061633"
"1","51.1618850693547"
"2","0.1409907901398921"
"1","57.139528165623496"
"2","0.1095027860892761"
"1","60.27680292118876"
"2","0.1153622044854481"
"1","66.2115983971505"
"2","0.06931263040772537"
"1","58.49321533923304"
"2","0.037506599973079195"
"1","52.6912401661805"
"2","0.009447582104332828"
"1","46.76998432601881"
"2","0.004444324057310489"
"1","10.313322439150253"
"1","36.15942384308918"
"2","0.22496437528499771"
"1","50.55407483341876"
"2","0.24622587919370664"
"1","44.86809606788393"
"2","0.21719679624588786"
"1","48.581648522550545"
"2","0.2599123036083044"
"1","46.923705289872316"
"2","0.2108306757628298"
"1","53.078699128559876"
"2","0.20672429242463272"
"1","55.38537586271218"
"2","0.19963855512600265"
"1","53.311081202332886"
"2","0.2197303345838653"
"1","47.0310465300937"
"2","0.19701266109937474"
"1","50.962205806562444"
"2","0.1870857015490917"
"1","59.95402182700081"
"2","0.17211885050325051"
"1","54.407165824529166"
"2","0.1717908004755277"
"1","38.90524379024839"
"2","0.16069146035320878"
"1","51.77007681564246"
"2","0.15201620410168867"
"1","57.42430683025795"
"2","0.14559554377326245"
"1","39.51705721343214"
"2","0.12627629954126932"
"1","53.64178026541482"
"2","0.12179313457906443"
"1","58.21854174833398"
"2","0.14080190771760132"
"1","62.84316424864979"
"2","0.12515743627211512"
"1","49.21465925126588"
"2","0.10315455994487162"
"1","54.21911804984936"
"2","0.08974759534168326"
"1","49.493954806970734"
"2","0.022827974224499406"
"1","51.07155852031534"
"2","0.021299127476633015"
"1","40.05010114632502"
"2","0.030108137154284908"
"1","33.425236557312026"
"2","0.2328887294791036"
"1","48.639406119268315"
"2","0.22303253770894477"
"1","50.5773962070733"
"2","0.236086020477938"
"1","47.349736379613354"
"2","0.209340681654132"
"1","50.99484580362512"
"2","0.21192143444470968"
"1","47.7547534643893"
"2","0.20074588256640488"
"1","52.67866986752023"
"2","0.2100452121418004"
"1","48.48831890214017"
"2","0.18382585182407943"
"1","58.60502710694924"
"2","0.22101177786689744"
"1","50.491145922016"
"2","0.17388948072878255"
"1","44.198089979855254"
"2","0.17042264491223375"
"1","46.08875923765072"
"2","0.14551241607854398"
"1","52.87284886312974"
"2","0.16158639228868735"
"1","53.05348358823003"
"2","0.14760266985339124"
"1","53.415080725173624"
"2","0.13455016230076267"
"1","51.05094225970226"
"2","0.12148302681965514"
"1","40.80807663152091"
"2","0.13075769970924078"
"1","44.20703532568192"
"2","0.05625865163384317"
"1","44.413622754491016"
"2","0.018045783679238703"
"1","39.80344342466671"
"2","0.009515326295870218"
"1","30.321099516416393"
"2","0.024931414571150223"
"1","35.070177521819154"
"2","0.22389337733272643"
"1","51.21963667820069"
"2","0.25798007023748454"
"1","47.31620521822389"
"2","0.21339568453258034"
"1","52.68531344343811"
"2","0.2067129372714109"
"1","50.56934493346981"
"2","0.24750786806605016"
"1","48.761485986685294"
"2","0.20694302773819437"
"1","49.32807177868239"
"2","0.19221269369162278"
"1","52.458325832583256"
"2","0.23365500955839252"
"1","51.15000430551967"
"2","0.1927065277832712"
"1","53.27510328722831"
"2","0.18955357023682934"
"1","59.48351538230283"
"2","0.2184329389995426"
"1","50.60358056265984"
"2","0.17262337678646364"
"1","56.95971609437944"
"2","0.1803376409371665"
"1","61.28444810883232"
"2","0.17744476485883898"
"1","52.71442529756617"
"2","0.16866662267706078"
"1","48.11207389847135"
"2","0.15950471533827523"
"1","47.699476861167"
"2","0.136454272870979"
"1","51.03867973182052"
"2","0.1365182854527303"
"1","57.79126450229112"
"2","0.1394785061676311"
"1","60.05049994950005"
"2","0.14684161448052901"
"1","52.794771474301974"
"2","0.11431452452977992"
"1","59.511113336003206"
"2","0.12117927896680472"
"1","51.82866125229238"
"2","0.0368360185162048"
"1","51.26379310344828"
"2","0.01663390788646392"
"1","46.65351495224675"
"2","0.0065422166770411055"
"1","21.072561640462876"
"2","0.004395168683667585"
"1","10.137406129490563"
"1","33.753805654114686"
"2","0.22687870830804804"
"1","50.099001523100355"
"2","0.2307356139452964"
"1","48.091314935064936"
"2","0.24048494303077206"
"1","51.618517229376955"
"2","0.21008541201967848"
"1","51.80676750896214"
"2","0.23881061164333087"
"1","48.60365154740462"
"2","0.21983784219405827"
"1","48.34777651083238"
"2","0.2052744198089357"
"1","48.358168761220824"
"2","0.22364395680430968"
"1","44.431409295352324"
"2","0.18461170043394395"
"1","50.618921459704296"
"2","0.20042477490560556"
"1","56.292756920743265"
"2","0.21154692626202137"
"1","51.82405870533764"
"2","0.19672780292021652"
"1","50.31702145704351"
"2","0.16596029150736177"
"1","43.07844136926438"
"2","0.16767424333873826"
"1","52.66437928883344"
"2","0.15593351308693937"
"1","46.89889953289526"
"2","0.13772171081637677"
"1","59.50356246864024"
"2","0.12470305206896344"
"1","48.050077104131155"
"2","0.14580667146619283"
"1","46.93273187717632"
"2","0.0284536261538176"
"1","44.62327787397425"
"2","0.015621908648358928"
"1","50.97262851766316"
"2","0.00964416293993182"
"1","34.54163045367634"
"2","0.008240759189530806"
"1","31.19511558732975"
"2","0.0054450159552385255"
"1","10.740493494840736"
"1","37.345961672253495"
"2","0.22479541501525477"
"1","54.0016385980883"
"2","0.2615030496031019"
"1","46.96571111815014"
"2","0.21926781960207056"
"1","45.7789692948619"
"2","0.21404328007771378"
"1","51.8361359257313"
"2","0.23822701268746177"
"1","46.7827629711402"
"2","0.21864611935829753"
"1","48.713042049934295"
"2","0.20556641223620106"
"1","53.88856571532449"
"2","0.239029019415622"
"1","49.56984219754529"
"2","0.19425353388866703"
"1","47.76301137739046"
"2","0.1864576642301543"
"1","58.563406691009575"
"2","0.18121108498004126"
"1","47.762242268041234"
"2","0.19498554006591712"
"1","50.16273564967453"
"2","0.17304013645097913"
"1","45.56656131966392"
"2","0.13823807885154143"
"1","53.45907248986943"
"2","0.14273014943250567"
"1","50.83029368952821"
"2","0.1389082200111598"
"1","49.5583242746049"
"2","0.1348044284512829"
"1","56.739583333333336"
"2","0.14407812037858622"
"1","47.496276723516694"
"2","0.12930468586326496"
"1","51.72244506452738"
"2","0.1358008112444821"
"1","58.28338730252183"
"2","0.02816962995572409"
"1","43.82898230088495"
"2","0.014302128859078257"
"1","36.78148560128538"
"2","0.008093746541978405"
"1","31.96706008583691"
"2","0.035918869509406565"
"1","33.43747876316684"
"2","0.22992777198996606"
"1","47.07157594032693"
"2","0.25621424035744017"
"1","46.64822538758165"
"2","0.21271671945342163"
"1","50.3830456593827"
"2","0.2294301018616087"
"1","45.83596409780254"
"2","0.19571532587329868"
"1","47.965561843168956"
"2","0.18940285185693082"
"1","53.14143229400665"
"2","0.21375585884109957"
"1","49.26570289132602"
"2","0.18834217967775077"
"1","50.68848257006152"
"2","0.18204992592251923"
"1","50.05385133996292"
"2","0.17642781741808036"
"1","49.33911014830861"
"2","0.17547702323648579"
"1","54.502340952905534"
"2","0.16710063314070953"
"1","51.59539130434783"
"2","0.15501296059825204"
"1","54.54522890237176"
"2","0.1651850019494249"
"1","56.23007760742003"
"2","0.15672702482058012"
"1","54.79616306954436"
"2","0.1417270059557917"
"1","57.151599845797996"
"2","0.14072880576101277"
"1","58.78447755184216"
"2","0.14689512168503766"
"1","61.767680963755325"
"2","0.13845794997173738"
"1","61.791991679667184"
"2","0.12137897734153513"
"1","59.67189858134621"
"2","0.03744421930256911"
"1","43.920286643026"
"2","0.012504288105570329"
"1","34.21090156393744"
"2","0.03559973306476895"
"1","33.393497314108004"
"2","0.22793700258338065"
"1","47.43527624530263"
"2","0.2776010372851743"
"1","45.71767972847886"
"2","0.21341487108094237"
"1","49.697874493927124"
"2","0.2432339209381968"
"1","48.684119819450146"
"2","0.20194380187174318"
"1","47.58127406931964"
"2","0.18582551558221058"
"1","48.931681123502685"
"2","0.19716585194850722"
"1","49.0218990166102"
"2","0.1765762130982915"
"1","57.05155333269212"
"2","0.20684503386048772"
"1","51.97024070021882"
"2","0.1765006123823603"
"1","51.03049828178694"
"2","0.15834700414030153"
"1","51.813793103448276"
"2","0.159296367158373"
"1","55.17705805488146"
"2","0.15989373442595117"
"1","49.63976559229803"
"2","0.14992641423952469"
"1","52.7100870182916"
"2","0.14526971619919224"
"1","58.13316336536576"
"2","0.14899393851416717"
"1","47.731406954282036"
"2","0.12494606001776626"
"1","49.2209678758197"
"2","0.11551453622519613"
"1","51.16118705658418"
"2","0.1060214873312528"
"1","46.46942940114591"
"2","0.016852651693243785"
"1","38.988047547120246"
"2","0.02339193519771347"
"1","33.42830445124023"
"2","0.233654431916379"
"1","47.23011952191235"
"2","0.22434414231830208"
"1","55.252564819996266"
"2","0.2357967301249061"
"1","48.48611791605422"
"2","0.2086759734028506"
"1","54.6974642692485"
"2","0.2159739701639143"
"1","47.25128081972463"
"2","0.19779811823703397"
"1","52.85360420564911"
"2","0.23553841462629005"
"1","52.28785343081124"
"2","0.19005929187763787"
"1","52.19795972210008"
"2","0.18597549812091602"
"1","56.91188878235858"
"2","0.22498209859542825"
"1","53.617364509697296"
"2","0.1840504879257135"
"1","51.763194687172316"
"2","0.17784177723060687"
"1","59.28362982210674"
"2","0.18092636369210227"
"1","57.912145709554885"
"2","0.17276516030531144"
"1","53.37933513027853"
"2","0.15523817717743554"
"1","60.534850494948465"
"2","0.15380947701002348"
"1","53.99445656125045"
"2","0.14554956004625932"
"1","54.23131737621049"
"2","0.1398308940452541"
"1","66.25331846068042"
"2","0.1734188516421634"
"1","60.50473957802467"
"2","0.056513651903600255"
"1","14.448400212982236"
"1","34.797274979355905"
"2","0.2446561418077491"
"1","44.769533021006495"
"2","0.226892780782021"
"1","47.66824911490183"
"2","0.2134995364059281"
"1","49.3229106029106"
"2","0.22369398470430002"
"1","48.06628849270665"
"2","0.20112391204792512"
"1","47.81469236351907"
"2","0.1979716349683222"
"1","51.76175521242258"
"2","0.18731176675057212"
"1","57.36760577016168"
"2","0.1999920268793829"
"1","51.37312657021572"
"2","0.2070982164041569"
"1","53.827445281990734"
"2","0.2356372295694252"
"1","53.32724820143885"
"2","0.23068951575825425"
"1","50.49399130657121"
"2","0.21633301921350734"
"1","56.57805786307648"
"2","0.19549203027485032"
"1","51.06456896551724"
"2","0.17934012461155885"
"1","50.52143526804739"
"2","0.15774985422807322"
"1","48.67253144783359"
"2","0.056371524406100125"
"1","52.90437644547234"
"2","0.03661794011379542"
"1","53.693807546488536"
"2","0.021888752820375345"
"1","48.66099615604809"
"2","0.012889921938476412"
"1","44.50422493083078"
"2","0.010226115400402828"
"1","26.82553536080619"
"2","0.04008367241315669"
"1","36.37775038520801"
"2","0.3163025646917454"
"1","52.32488967343336"
"2","0.3175307363691501"
"1","51.0262659317947"
"2","0.3466674039213759"
"1","52.65494895694629"
"2","0.3007350278106809"
"1","54.66309864353603"
"2","0.2720701522213681"
"1","49.89798669025356"
"2","0.2919591683899108"
"1","55.39904610492846"
"2","0.2974911468312795"
"1","57.36383885337982"
"2","0.2727949709696334"
"1","57.89497850722939"
"2","0.24150066577503004"
"1","54.75944572748268"
"2","0.24247473472192047"
"1","58.950596421471175"
"2","0.2694372700690162"
"1","49.26802664446295"
"2","0.20342582223881217"
"1","53.57785811116132"
"2","0.20760908713291995"
"1","51.93715487772811"
"2","0.204777173106537"
"1","48.08472650543743"
"2","0.16665749269498106"
"1","53.16151357181377"
"2","0.179316816897244"
"1","50.98994586233565"
"2","0.17254537943062773"
"1","56.0095363988292"
"2","0.15963697635367316"
"1","53.09020872525307"
"2","0.04055454850969986"
"1","36.181991278177016"
"2","0.31770876218086563"
"1","53.451694532309084"
"2","0.3580901971843207"
"1","47.7356423681031"
"2","0.3032700905909553"
"1","50.8"
"2","0.28723687716493473"
"1","56.937601996736106"
"2","0.29058319798170174"
"1","61.424195384456176"
"2","0.3495898417992244"
"1","54.86327003242242"
"2","0.2780673070372641"
"1","59.07640135647317"
"2","0.2664002924892928"
"1","58.34334679405102"
"2","0.2595434007539078"
"1","63.42919786096257"
"2","0.2751380691994993"
"1","57.36542372881356"
"2","0.2502447753131436"
"1","62.285384292314156"
"2","0.23692146843344986"
"1","61.97186781008157"
"2","0.22990730139971194"
"1","62.1835896355593"
"2","0.20276310776997306"
"1","62.44732406236831"
"2","0.19961877545107073"
"1","64.89387308533917"
"2","0.1870493723485497"
"1","47.128337983260266"
"2","0.16310561634130982"
"1","55.693683516897295"
"2","0.15649327770883312"
"1","60.47616622530047"
"2","0.14151218223094322"
"1","53.46214240592004"
"2","0.12242741897771488"
"1","47.687570439542746"
"2","0.055593856092245444"
"1","71.45313626532084"
"2","0.041713346241071064"
"1","63.936745689655176"
"2","0.032067415237880106"
"1","54.40669417698304"
"2","0.03163042939389955"
"1","70.27500295194238"
"2","0.020873087082362036"
"1","39.039903343782655"
"2","0.020454920870338414"
"1","38.53395558416479"
"2","0.01276898641643525"
"1","41.80902458029326"
"2","0.333967976260924"
"1","57.9546343371138"
"2","0.329081881024243"
"1","60.54665304036791"
"2","0.3533771216637506"
"1","58.417357001972384"
"2","0.312592696536146"
"1","58.494964454976305"
"2","0.3029479386769182"
"1","63.805166846071046"
"2","0.3099283917902433"
"1","60.81173569006268"
"2","0.3373020873559481"
"1","58.786942263738446"
"2","0.2797574552462638"
"1","57.92343002246313"
"2","0.2585216260218629"
"1","61.99236002093145"
"2","0.2572937443106683"
"1","57.396957659141556"
"2","0.2167436348356821"
"1","59.00497809637594"
"2","0.2563595289114799"
"1","71.82152357920194"
"2","0.24124147011028435"
"1","68.74724892853006"
"2","0.2157502992326566"
"1","63.179183977841696"
"2","0.21415201939915737"
"1","71.44526074912682"
"2","0.199327063242696"
"1","62.086291758299296"
"2","0.1906042037620985"
"1","62.70464894630943"
"2","0.1649862331352837"
"1","56.700678971024196"
"2","0.12384095837424576"
"1","65.70700919056583"
"2","0.03301282660504538"
"1","72.44754642725373"
"2","0.025012708359463127"
"1","71.85674631909245"
"2","0.017241419489162607"
"1","53.777295733911785"
"2","0.011835742670054945"
"1","30.449189685047397"
"2","0.04089277239584889"
"1","41.187002652519894"
"2","0.33374971755507143"
"1","57.60747663551402"
"2","0.34733828212514883"
"1","58.44043748152527"
"2","0.3187103285903568"
"1","58.76219754065847"
"2","0.3139959976951708"
"1","63.311976819059886"
"2","0.3269758842606157"
"1","58.661553686293914"
"2","0.2965944781243152"
"1","60.33057851239669"
"2","0.2965067649337477"
"1","61.002058884084825"
"2","0.2819625190748075"
"1","63.95198014459911"
"2","0.2797790808492614"
"1","70.57601713062098"
"2","0.2739128578512994"
"1","65.53720468094502"
"2","0.300332295248016"
"1","60.029483282674775"
"2","0.2398643268140612"
"1","66.63899809053129"
"2","0.22981008367025477"
"1","59.621109880149056"
"2","0.20696044960642423"
"1","57.16752004637233"
"2","0.18316435744423107"
"1","61.55371642723298"
"2","0.1927192426973225"
"1","64.76192042091418"
"2","0.18149476097336334"
"1","69.68488481429243"
"2","0.18403267703842274"
"1","65.22862801188249"
"2","0.044479123527319836"
"1","71.92845902433119"
"2","0.031545749127038336"
"1","68.60835448880682"
"2","0.024594721822311566"
"1","65.58242604201034"
"2","0.019277306595810874"
"1","55.598896474329"
"2","0.012951810237678572"
"1","24.926528066528068"
"2","0.007804796370246695"
"1","12.830792291220556"
"1","42.49150100835494"
"2","0.33916236682203654"
"1","58.696810096392724"
"2","0.3896118379151312"
"1","55.0977219897722"
"2","0.32903704898839775"
"1","58.74714923153198"
"2","0.3066223572797447"
"1","61.713407646629854"
"2","0.3169771159034396"
"1","56.943626743626744"
"2","0.29299634768844257"
"1","62.328184110970994"
"2","0.2917835156265129"
"1","62.25721784776903"
"2","0.2915281186148382"
"1","58.18262150220913"
"2","0.2890631057354113"
"1","61.49818521207093"
"2","0.2681707572558942"
"1","66.1025840944531"
"2","0.26761563159601925"
"1","67.18728755948335"
"2","0.27363113620965185"
"1","61.90727785318993"
"2","0.25908325039854074"
"1","68.20482481332567"
"2","0.24763537822775156"
"1","65.41852752597833"
"2","0.24845143036045025"
"1","68.95763500931099"
"2","0.2402404051240249"
"1","65.07080227970188"
"2","0.21949079288576892"
"1","71.60634575944022"
"2","0.19635266381518562"
"1","69.68018335684062"
"2","0.1841764095103451"
"1","76.52756617172369"
"2","0.19302258807784214"
"1","77.93638509968521"
"2","0.10901443465783084"
"1","55.069144499026784"
"2","0.05683259885327808"
"1","62.41029411764706"
"2","0.05098789281620009"
"1","71.83218640589159"
"2","0.028885727132184014"
"1","63.41712883959045"
"2","0.01588842496537735"
"1","26.133888477133016"
"2","0.031244629285806423"
"1","43.09776577102804"
"2","0.33809541148424765"
"1","60.9271250899373"
"2","0.33895712978637826"
"1","57.38234146341463"
"2","0.33373547355130717"
"1","58.63706563706564"
"2","0.30776725440222874"
"1","57.76544053078349"
"2","0.30107387978387606"
"1","61.883973288814694"
"2","0.290707582716144"
"1","65.67234701781565"
"2","0.3178511041655992"
"1","59.31219951923077"
"2","0.27696627871666"
"1","59.73688450307119"
"2","0.25417378980750044"
"1","62.957541662243926"
"2","0.25503433826097077"
"1","64.3149392888118"
"2","0.2589809249898876"
"1","62.20494810776811"
"2","0.24515466852463683"
"1","60.39959266802444"
"2","0.21945294625621536"
"1","56.3008547008547"
"2","0.1980764865380518"
"1","60.44780079599959"
"2","0.21693031408352262"
"1","63.68720480893087"
"2","0.20600156457210758"
"1","66.80135059088352"
"2","0.1872745796759474"
"1","77.81077891424076"
"2","0.1825583932603457"
"1","73.37153808110781"
"2","0.17808904046028212"
"1","72.0894209626191"
"2","0.17113600783820915"
"1","70.62034945917033"
"2","0.0627043650478121"
"1","73.70494240059458"
"2","0.03602082332900908"
"1","73.40449160908193"
"2","0.02214332078974037"
"1","54.81696100073584"
"2","0.01643859746967687"
"1","54.074373410824556"
"2","0.009963730113687445"
"1","23.55246597970581"
"2","0.015738007941846235"
"1","29.953374355895743"
"2","0.007734296947508471"
"1","11.578521493955428"
"1","38.40510117769536"
"2","0.2505534186873649"
"1","50.25404215694574"
"2","0.2643487942765575"
"1","50.49089361702128"
"2","0.22968418095957024"
"1","48.138068181818184"
"2","0.21443383193145021"
"1","51.957381639975495"
"2","0.25642443546956434"
"1","49.054076401521414"
"2","0.2469870853684116"
"1","57.64361443439354"
"2","0.283197069353093"
"1","51.80993180625983"
"2","0.27212211994455876"
"1","51.279285528483484"
"2","0.2529521510442437"
"1","56.798812601742796"
"2","0.2598525158413"
"1","56.369660148091896"
"2","0.2654440321184986"
"1","54.17222171491188"
"2","0.2687484628603867"
"1","50.386885524749104"
"2","0.25040594632233976"
"1","54.31075514874142"
"2","0.25850865723681604"
"1","57.28927536231884"
"2","0.2398822348176222"
"1","49.08311925084942"
"2","0.19220311083792596"
"1","52.31846683741058"
"2","0.1804881967001632"
"1","57.70616251944013"
"2","0.17442648600710986"
"1","60.31745547073791"
"2","0.16077898596471735"
"1","57.98603651987111"
"2","0.1658532092272605"
"1","61.40265257486271"
"2","0.16155288289743552"
"1","55.601292497892665"
"2","0.1480375660740811"
"1","62.10623170221665"
"2","0.09670048009291839"
"1","62.19305221303756"
"2","0.08102834119073186"
"1","61.27679307502061"
"2","0.03190591399067593"
"1","50.60902191523834"
"2","0.030209081164009718"
"1","60.29504207644733"
"2","0.019479363144624492"
"1","45.63221374045801"
"2","0.014547546731991028"
"1","33.66979435891673"
"2","0.011294242273180459"
"1","27.420965971459935"
"2","0.011708024178878576"
"1","30.06946185866894"
"2","0.012919831114251844"
"1","24.636748448608884"
"2","0.02614043880164829"
